left_id,right_id,left_market,right_market,left_sector,right_sector,left_ticker,right_ticker,same_sector,cross_market,observations,pearson,spearman,lower_tail_alpha,left_tail_count,right_tail_count,both_tail_count,both_tail_probability,lower_tail_dependence,co_crash_lift_vs_independence,right_given_left_tail,left_given_right_tail,tail_union_pearson,avg_left_return_when_both_tail,avg_right_return_when_both_tail
US_FINANCIALS,US_INDUSTRIALS,US,US,Financials,Industrials,XLF,XLI,False,False,1699,0.8735136908562479,0.7920664479781921,0.05,84,84,57,0.033549146556798116,0.6709829311359623,13.419658622719243,0.6785714285714286,0.6785714285714286,0.848687134063377,-0.040248733082487644,-0.03675418301452991
US_MATERIALS,US_INDUSTRIALS,US,US,Materials,Industrials,XLB,XLI,False,False,1699,0.8809693189067854,0.8159488894894951,0.05,84,84,55,0.032371983519717484,0.6474396703943497,12.948793407886992,0.6547619047619048,0.6547619047619048,0.8610793818971961,-0.03799983066858292,-0.03754394182084352
US_FINANCIALS,US_MATERIALS,US,US,Financials,Materials,XLF,XLB,False,False,1699,0.8250439827534148,0.7219477037946572,0.05,84,84,52,0.030606238964096526,0.6121247792819304,12.242495585638608,0.6190476190476191,0.6190476190476191,0.8110393232326703,-0.04167890275144529,-0.03848282916342679
CN_NEW_ENERGY,CN_MATERIALS,CN,CN,New Energy,Materials,515030.SS,512400.SS,False,False,1497,0.6941757815454322,0.6791618358165353,0.05,74,74,42,0.028056112224448898,0.561122244488978,11.222444889779558,0.5675675675675675,0.5675675675675675,0.04236329144308711,-0.04842948622113004,-0.04859955475471544
US_SEMICONDUCTOR,US_NEW_ENERGY,US,US,Semiconductor,New Energy,SMH,QCLN,False,False,1699,0.7374707247936771,0.6850451731744284,0.05,84,84,46,0.02707474985285462,0.5414949970570924,10.829899941141845,0.5476190476190477,0.5476190476190477,0.4311297904448711,-0.056879555828068314,-0.06336843458428021
US_HEALTHCARE,US_MATERIALS,US,US,Healthcare,Materials,XLV,XLB,False,False,1699,0.6991536865874344,0.5687755717876928,0.05,84,84,45,0.026486168334314303,0.5297233666862861,10.594467333725719,0.5357142857142857,0.5357142857142857,0.6067595318603736,-0.03144915713222428,-0.03899331018977863
US_INTERNET,US_SEMICONDUCTOR,US,US,Internet,Semiconductor,FDN,SMH,False,False,1699,0.7529045987029362,0.6972125892514875,0.05,84,84,44,0.025897586815773983,0.5179517363154796,10.359034726309591,0.5238095238095238,0.5238095238095238,0.278870435346256,-0.047559833469148355,-0.05694853568217172
US_HEALTHCARE,US_FINANCIALS,US,US,Healthcare,Financials,XLV,XLF,False,False,1699,0.6829235721656625,0.5419342071457958,0.05,84,84,44,0.025897586815773983,0.5179517363154796,10.359034726309591,0.5238095238095238,0.5238095238095238,0.5974189173361452,-0.03186888887998176,-0.04325945572205359
US_HEALTHCARE,US_INDUSTRIALS,US,US,Healthcare,Industrials,XLV,XLI,False,False,1699,0.7012874447251923,0.5617026064805978,0.05,84,84,44,0.025897586815773983,0.5179517363154796,10.359034726309591,0.5238095238095238,0.5238095238095238,0.6203732756955977,-0.03200906046588376,-0.03983962513235557
US_REAL_ESTATE_CHAIN,US_MATERIALS,US,US,Real Estate Chain,Materials,XHB,XLB,False,False,1699,0.7812287195113558,0.7299341528056056,0.05,84,84,44,0.025897586815773983,0.5179517363154796,10.359034726309591,0.5238095238095238,0.5238095238095238,0.585814887752343,-0.052690155263663115,-0.038882399335751154
US_REAL_ESTATE_CHAIN,US_INDUSTRIALS,US,US,Real Estate Chain,Industrials,XHB,XLI,False,False,1699,0.7981542824163429,0.7626727799969042,0.05,84,84,42,0.024720423778693348,0.4944084755738669,9.888169511477336,0.5,0.5,0.621218159211747,-0.052924472325854115,-0.039811307684115824
US_FINANCIALS,US_ENERGY,US,US,Financials,Energy,XLF,XLE,False,False,1699,0.6848799394869794,0.5278876817165336,0.05,84,84,41,0.02413184226015303,0.4826368452030606,9.65273690406121,0.4880952380952381,0.4880952380952381,0.5641692392438393,-0.04441258046627727,-0.0627058053245688
US_SEMICONDUCTOR,US_INDUSTRIALS,US,US,Semiconductor,Industrials,SMH,XLI,False,False,1699,0.6644996810393659,0.5848488576301353,0.05,84,84,40,0.023543260741612712,0.47086521483225424,9.417304296645083,0.47619047619047616,0.47619047619047616,0.347210757686269,-0.05854119973725278,-0.038767295740685395
US_ENERGY,US_INDUSTRIALS,US,US,Energy,Industrials,XLE,XLI,False,False,1699,0.6545765859210918,0.5018854035039128,0.05,84,84,40,0.023543260741612712,0.47086521483225424,9.417304296645083,0.47619047619047616,0.47619047619047616,0.5262994821969263,-0.06222525890561783,-0.04046013762114929
US_INTERNET,US_FINANCIALS,US,US,Internet,Financials,FDN,XLF,False,False,1699,0.5878590354263076,0.48215894172838275,0.05,84,84,39,0.022954679223072396,0.4590935844614479,9.181871689228956,0.4642857142857143,0.4642857142857143,0.22874490971175498,-0.047326812981159004,-0.0420065760184753
US_INTERNET,US_NEW_ENERGY,US,US,Internet,New Energy,FDN,QCLN,False,False,1699,0.6941373720783255,0.64023619347732,0.05,84,84,38,0.022366097704532076,0.4473219540906415,8.946439081812828,0.4523809523809524,0.4523809523809524,0.228880475274788,-0.04735496891749412,-0.064349105560096
US_INTERNET,US_HEALTHCARE,US,US,Internet,Healthcare,FDN,XLV,False,False,1699,0.5387793816459576,0.4202699193754033,0.05,84,84,37,0.02177751618599176,0.4355503237198352,8.711006474396703,0.44047619047619047,0.44047619047619047,0.1763827676659981,-0.04785107096176853,-0.031100427767676207
US_INTERNET,US_INDUSTRIALS,US,US,Internet,Industrials,FDN,XLI,False,False,1699,0.6220694326517536,0.5288737298185605,0.05,84,84,37,0.02177751618599176,0.4355503237198352,8.711006474396703,0.44047619047619047,0.44047619047619047,0.3011438291083116,-0.04847811964327832,-0.03923056439191925
US_SEMICONDUCTOR,US_MATERIALS,US,US,Semiconductor,Materials,SMH,XLB,False,False,1699,0.6209557888597077,0.5262064344460758,0.05,84,84,37,0.02177751618599176,0.4355503237198352,8.711006474396703,0.44047619047619047,0.44047619047619047,0.26612815478210905,-0.05851328188558494,-0.0408722601774019
US_ENERGY,US_MATERIALS,US,US,Energy,Materials,XLE,XLB,False,False,1699,0.6438393037329235,0.5110703061032964,0.05,84,84,37,0.02177751618599176,0.4355503237198352,8.711006474396703,0.44047619047619047,0.44047619047619047,0.5268059101162154,-0.06469431286089077,-0.041937267115588824
US_INTERNET,US_MATERIALS,US,US,Internet,Materials,FDN,XLB,False,False,1699,0.6033416879832171,0.4849097523768505,0.05,84,84,36,0.02118893466745144,0.4237786933490288,8.475573866980575,0.42857142857142855,0.42857142857142855,0.289287714993217,-0.04948224974454103,-0.040431770428501324
US_FINANCIALS,US_REAL_ESTATE_CHAIN,US,US,Financials,Real Estate Chain,XLF,XHB,False,False,1699,0.6881714343702924,0.6211551946886288,0.05,84,84,36,0.02118893466745144,0.4237786933490288,8.475573866980575,0.42857142857142855,0.42857142857142855,0.5123667835089277,-0.04492028237672586,-0.055755756518032724
CN_SEMICONDUCTOR,CN_INDUSTRIALS,CN,CN,Semiconductor,Industrials,512760.SS,512660.SS,False,False,1653,0.47518217727953777,0.609971396786003,0.05,82,82,35,0.02117362371445856,0.4234724742891712,8.469449485783423,0.4268292682926829,0.4268292682926829,-0.23094782674642583,-0.052876478782764226,-0.04643664090733006
CN_FINANCIALS,CN_UTILITIES,CN,CN,Financials,Utilities,510230.SS,159611.SZ,False,False,1056,0.43145192010071454,0.3440093549075725,0.05,52,52,22,0.020833333333333332,0.41666666666666663,8.33333333333333,0.4230769230769231,0.4230769230769231,0.07735186129428097,-0.029708697321943155,-0.03161236140157438
CN_NEW_ENERGY,CN_INDUSTRIALS,CN,CN,New Energy,Industrials,515030.SS,512660.SS,False,False,1497,0.5634698234304067,0.5543678628741653,0.05,74,74,31,0.020708082832331328,0.4141616566466265,8.28323313293253,0.4189189189189189,0.4189189189189189,-0.15912701455867798,-0.046514930679897086,-0.04562745906293876
US_SEMICONDUCTOR,US_FINANCIALS,US,US,Semiconductor,Financials,SMH,XLF,False,False,1699,0.5498546956462744,0.4528286470463446,0.05,84,84,35,0.020600353148911125,0.4120070629782225,8.240141259564448,0.4166666666666667,0.4166666666666667,0.18035227496280545,-0.05997980663140388,-0.04485850418661502
US_NEW_ENERGY,US_MATERIALS,US,US,New Energy,Materials,QCLN,XLB,False,False,1699,0.649417188186179,0.5831205504682151,0.05,84,84,33,0.01942319011183049,0.38846380223660976,7.7692760447321945,0.39285714285714285,0.39285714285714285,0.34826300317869,-0.06581872604832265,-0.04206389661899278
US_NEW_ENERGY,US_INDUSTRIALS,US,US,New Energy,Industrials,QCLN,XLI,False,False,1699,0.6497258530056269,0.5906131730843169,0.05,84,84,33,0.01942319011183049,0.38846380223660976,7.7692760447321945,0.39285714285714285,0.39285714285714285,0.3495532006934461,-0.06596181906338698,-0.04085393632245374
CN_SEMICONDUCTOR,CN_NEW_ENERGY,CN,CN,Semiconductor,New Energy,512760.SS,515030.SS,False,False,1497,0.42952622342590413,0.5668118576682618,0.05,74,74,29,0.019372077488309953,0.38744154976619904,7.74883099532398,0.3918918918918919,0.3918918918918919,-0.3167758516676578,-0.05494507287453867,-0.04793870523604565
CN_MATERIALS,CN_UTILITIES,CN,CN,Materials,Utilities,512400.SS,159611.SZ,False,False,1056,0.43276524178352677,0.3746884336996094,0.05,52,52,20,0.01893939393939394,0.3787878787878788,7.575757575757574,0.38461538461538464,0.38461538461538464,-0.13964805957880772,-0.049198181674697916,-0.03307229686836223
US_SEMICONDUCTOR,US_HEALTHCARE,US,US,Semiconductor,Healthcare,SMH,XLV,False,False,1699,0.48481124487186683,0.3766766329182307,0.05,84,84,32,0.01883460859329017,0.3766921718658034,7.533843437316066,0.38095238095238093,0.38095238095238093,0.05288374000383452,-0.058784722179247885,-0.032742726652872756
US_HEALTHCARE,US_REAL_ESTATE_CHAIN,US,US,Healthcare,Real Estate Chain,XLV,XHB,False,False,1699,0.5999056961341451,0.4976211108586094,0.05,84,84,32,0.01883460859329017,0.3766921718658034,7.533843437316066,0.38095238095238093,0.38095238095238093,0.38135570495919774,-0.03233608261482747,-0.05531733813843136
US_FINANCIALS,US_UTILITIES,US,US,Financials,Utilities,XLF,XLU,False,False,1699,0.580511653701613,0.3839408254832703,0.05,84,84,32,0.01883460859329017,0.3766921718658034,7.533843437316066,0.38095238095238093,0.38095238095238093,0.3900819826465817,-0.046426439654715934,-0.040753183757811964
CN_MATERIALS,CN_INDUSTRIALS,CN,CN,Materials,Industrials,512400.SS,512660.SS,False,False,1653,0.5398966686770694,0.5141554951193756,0.05,82,82,31,0.018753781004234724,0.37507562008469447,7.501512401693888,0.3780487804878049,0.3780487804878049,-0.1597845407185186,-0.05145183541060066,-0.04452618152646844
US_MATERIALS,US_UTILITIES,US,US,Materials,Utilities,XLB,XLU,False,False,1699,0.6067580481842691,0.43092902597023475,0.05,84,84,31,0.018246027074749854,0.36492054149499703,7.29841082989994,0.36904761904761907,0.36904761904761907,0.3914496457940845,-0.04344097316112761,-0.04064872853976948
CN_FINANCIALS,CN_REAL_ESTATE_CHAIN,CN,CN,Financials,Real Estate Chain,510230.SS,512200.SS,False,False,1653,0.22674286926156642,0.5462057237637149,0.05,82,82,30,0.018148820326678767,0.3629764065335753,7.259528130671505,0.36585365853658536,0.36585365853658536,-0.10352676450789723,-0.030156583819003775,-0.04029174627220234
US_SEMICONDUCTOR,US_REAL_ESTATE_CHAIN,US,US,Semiconductor,Real Estate Chain,SMH,XHB,False,False,1699,0.6005210262167602,0.5474620323616595,0.05,84,84,30,0.017657445556209534,0.35314891112419067,7.062978222483812,0.35714285714285715,0.35714285714285715,0.25216309458920716,-0.061377280243175486,-0.059333985523647735
US_INDUSTRIALS,US_UTILITIES,US,US,Industrials,Utilities,XLI,XLU,False,False,1699,0.6199744944391173,0.447735958001713,0.05,84,84,30,0.017657445556209534,0.35314891112419067,7.062978222483812,0.35714285714285715,0.35714285714285715,0.441237333728425,-0.043302816959222404,-0.04111973776894962
US_NEW_ENERGY,US_FINANCIALS,US,US,New Energy,Financials,QCLN,XLF,False,False,1699,0.5468284942475161,0.46915810638083655,0.05,84,84,29,0.017068864037669218,0.34137728075338436,6.827545615067686,0.34523809523809523,0.34523809523809523,0.23152801569942097,-0.06634340889822224,-0.04727028112856562
CN_INDUSTRIALS,CN_UTILITIES,CN,CN,Industrials,Utilities,512660.SS,159611.SZ,False,False,1056,0.3685206677428787,0.3161272063480575,0.05,52,52,18,0.017045454545454544,0.3409090909090909,6.818181818181817,0.34615384615384615,0.34615384615384615,-0.24351363211434826,-0.046320895945548474,-0.031202329102297796
CN_INTERNET,CN_HEALTHCARE,CN,CN,Internet,Healthcare,513050.SS,512010.SS,False,False,1653,0.5028485635833513,0.4646087637515082,0.05,82,82,28,0.01693889897156685,0.338777979431337,6.775559588626738,0.34146341463414637,0.34146341463414637,-0.10447394940618696,-0.045406510046066,-0.03997238272404434
CN_REAL_ESTATE_CHAIN,CN_MATERIALS,CN,CN,Real Estate Chain,Materials,512200.SS,512400.SS,False,False,1653,0.1323429397570826,0.3611711253987314,0.05,82,82,28,0.01693889897156685,0.338777979431337,6.775559588626738,0.34146341463414637,0.34146341463414637,-0.17776586596573388,-0.040646765905633535,-0.055680288662065966
CN_INTERNET,CN_NEW_ENERGY,CN,CN,Internet,New Energy,513050.SS,515030.SS,False,False,1497,0.4528537178305612,0.4378119153101024,0.05,74,74,25,0.016700066800267203,0.33400133600534404,6.68002672010688,0.33783783783783783,0.33783783783783783,-0.22344947226328266,-0.0432014795458223,-0.04960885847753342
CN_NEW_ENERGY,CN_HEALTHCARE,CN,CN,New Energy,Healthcare,515030.SS,512010.SS,False,False,1497,0.5288413767265485,0.4966481667515898,0.05,74,74,25,0.016700066800267203,0.33400133600534404,6.68002672010688,0.33783783783783783,0.33783783783783783,-0.12006677382348628,-0.047896143430988636,-0.04037922908924841
US_INTERNET,US_REAL_ESTATE_CHAIN,US,US,Internet,Real Estate Chain,FDN,XHB,False,False,1699,0.6124692109989708,0.5388780996274687,0.05,84,84,28,0.0164802825191289,0.32960565038257794,6.592113007651558,0.3333333333333333,0.3333333333333333,0.3034870694064075,-0.05245823185105773,-0.05943627788801342
US_NEW_ENERGY,US_REAL_ESTATE_CHAIN,US,US,New Energy,Real Estate Chain,QCLN,XHB,False,False,1699,0.6397777226181857,0.5852240283328359,0.05,84,84,28,0.0164802825191289,0.32960565038257794,6.592113007651558,0.3333333333333333,0.3333333333333333,0.2918692223729485,-0.06822012966914219,-0.058357326072967855
CN_INTERNET,CN_MATERIALS,CN,CN,Internet,Materials,513050.SS,512400.SS,False,False,1653,0.4053141556390074,0.3901387167924714,0.05,82,82,27,0.016333938294010888,0.3266787658802177,6.533575317604354,0.32926829268292684,0.32926829268292684,-0.2901778800989851,-0.04441727450611551,-0.05025096118308318
CN_NEW_ENERGY,CN_UTILITIES,CN,CN,New Energy,Utilities,515030.SS,159611.SZ,False,False,1056,0.33375036267033903,0.2729415332327823,0.05,52,52,17,0.016098484848484848,0.32196969696969696,6.439393939393938,0.3269230769230769,0.3269230769230769,-0.2877270203737672,-0.045917929514697066,-0.03004925432956888
CN_ENERGY,CN_UTILITIES,CN,CN,Energy,Utilities,159945.SZ,159611.SZ,False,False,1056,0.47052366646452426,0.4221777318777476,0.05,52,52,17,0.016098484848484848,0.32196969696969696,6.439393939393938,0.3269230769230769,0.3269230769230769,-0.05628830012364965,-0.03960520942505561,-0.034041144974278875
US_HEALTHCARE,US_ENERGY,US,US,Healthcare,Energy,XLV,XLE,False,False,1699,0.4427094889150129,0.2650178357280846,0.05,84,84,27,0.015891701000588582,0.31783402001177163,6.356680400235431,0.32142857142857145,0.32142857142857145,0.27243587474001185,-0.03623702250409198,-0.06971485217132457
CN_INTERNET,CN_REAL_ESTATE_CHAIN,CN,CN,Internet,Real Estate Chain,513050.SS,512200.SS,False,False,1653,0.14381711026192157,0.38088067638202083,0.05,82,82,26,0.01572897761645493,0.31457955232909857,6.291591046581971,0.3170731707317073,0.3170731707317073,-0.20768071149226966,-0.04299449759428084,-0.04123204210883088
CN_SEMICONDUCTOR,CN_HEALTHCARE,CN,CN,Semiconductor,Healthcare,512760.SS,512010.SS,False,False,1653,0.2864299294714287,0.39848214055215686,0.05,82,82,26,0.01572897761645493,0.31457955232909857,6.291591046581971,0.3170731707317073,0.3170731707317073,-0.36112870936318653,-0.05483912841064253,-0.03687553189996233
CN_HEALTHCARE,CN_INDUSTRIALS,CN,CN,Healthcare,Industrials,512010.SS,512660.SS,False,False,1653,0.4018292466383624,0.3801457161606236,0.05,82,82,26,0.01572897761645493,0.31457955232909857,6.291591046581971,0.3170731707317073,0.3170731707317073,-0.22784768931844693,-0.040388966564035796,-0.04856189734498165
CN_REAL_ESTATE_CHAIN,CN_INDUSTRIALS,CN,CN,Real Estate Chain,Industrials,512200.SS,512660.SS,False,False,1653,0.11498529668362267,0.31668525358528354,0.05,82,82,26,0.01572897761645493,0.31457955232909857,6.291591046581971,0.3170731707317073,0.3170731707317073,-0.0994693112873949,-0.040480742488648205,-0.0463791700066412
US_NEW_ENERGY,US_ENERGY,US,US,New Energy,Energy,QCLN,XLE,False,False,1699,0.41816485814462356,0.30338618336753087,0.05,84,84,26,0.015303119482048263,0.3060623896409652,6.121247792819304,0.30952380952380953,0.30952380952380953,0.16397135723486841,-0.06966818406699521,-0.07181941751653761
US_HEALTHCARE,US_UTILITIES,US,US,Healthcare,Utilities,XLV,XLU,False,False,1699,0.6373762574717392,0.47854065963473463,0.05,84,84,26,0.015303119482048263,0.3060623896409652,6.121247792819304,0.30952380952380953,0.30952380952380953,0.3993092115760933,-0.03669210433320717,-0.0443106178688534
US_REAL_ESTATE_CHAIN,US_UTILITIES,US,US,Real Estate Chain,Utilities,XHB,XLU,False,False,1699,0.5062838927466142,0.3688050175283268,0.05,84,84,26,0.015303119482048263,0.3060623896409652,6.121247792819304,0.30952380952380953,0.30952380952380953,0.2703095067280526,-0.05955864566213273,-0.04303927296491768
CN_INTERNET,CN_FINANCIALS,CN,CN,Internet,Financials,513050.SS,510230.SS,False,False,1653,0.4559244886453489,0.4255462374705685,0.05,82,82,25,0.015124016938898971,0.3024803387779794,6.049606775559587,0.3048780487804878,0.3048780487804878,-0.14347073046015132,-0.044870168593653205,-0.03019229844455258
CN_SEMICONDUCTOR,CN_MATERIALS,CN,CN,Semiconductor,Materials,512760.SS,512400.SS,False,False,1653,0.3273255871737958,0.4281302234175751,0.05,82,82,25,0.015124016938898971,0.3024803387779794,6.049606775559587,0.3048780487804878,0.3048780487804878,-0.3192719842684529,-0.059943877822286655,-0.04977033718952515
CN_FINANCIALS,CN_MATERIALS,CN,CN,Financials,Materials,510230.SS,512400.SS,False,False,1653,0.38629345894306816,0.32039788616875303,0.05,82,82,25,0.015124016938898971,0.3024803387779794,6.049606775559587,0.3048780487804878,0.3048780487804878,-0.20810153334374798,-0.030898258676884952,-0.049116639452024324
CN_HEALTHCARE,CN_FINANCIALS,CN,CN,Healthcare,Financials,512010.SS,510230.SS,False,False,1653,0.40363966948198676,0.3342298706180358,0.05,82,82,24,0.014519056261343012,0.2903811252268602,5.807622504537203,0.2926829268292683,0.2926829268292683,-0.0855048823317721,-0.03964458324064299,-0.03252689191622121
CN_INTERNET,CN_UTILITIES,CN,CN,Internet,Utilities,513050.SS,159611.SZ,False,False,1056,0.33703681722232287,0.280266873379443,0.05,52,52,15,0.014204545454545454,0.28409090909090906,5.681818181818181,0.28846153846153844,0.28846153846153844,-0.16861157800117346,-0.04472543506594142,-0.03203399577184922
CN_SEMICONDUCTOR,CN_UTILITIES,CN,CN,Semiconductor,Utilities,512760.SS,159611.SZ,False,False,1056,0.16909705939581773,0.18339208775603305,0.05,52,52,15,0.014204545454545454,0.28409090909090906,5.681818181818181,0.28846153846153844,0.28846153846153844,-0.23432280426163973,-0.04773052012769975,-0.030853820552948514
US_NEW_ENERGY,US_HEALTHCARE,US,US,New Energy,Healthcare,QCLN,XLV,False,False,1699,0.4426258228614378,0.35386815343057526,0.05,84,84,24,0.014125956444967627,0.28251912889935255,5.65038257798705,0.2857142857142857,0.2857142857142857,0.0759024689225834,-0.06989836572722681,-0.03572318313515914
CN_HEALTHCARE,CN_MATERIALS,CN,CN,Healthcare,Materials,512010.SS,512400.SS,False,False,1653,0.39337263920950155,0.37310222740641386,0.05,82,82,23,0.013914095583787053,0.27828191167574107,5.56563823351482,0.2804878048780488,0.2804878048780488,-0.32337874683351503,-0.0388652216044568,-0.04909922281610851
CN_ENERGY,CN_MATERIALS,CN,CN,Energy,Materials,159945.SZ,512400.SS,False,False,1653,0.4595852647680295,0.4430695620486623,0.05,82,82,23,0.013914095583787053,0.27828191167574107,5.56563823351482,0.2804878048780488,0.2804878048780488,-0.2111908327800659,-0.04102629936364655,-0.05280696223368463
US_INTERNET,US_UTILITIES,US,US,Internet,Utilities,FDN,XLU,False,False,1699,0.3600545717326993,0.20348244143649782,0.05,84,84,23,0.01353737492642731,0.2707474985285462,5.414949970570922,0.27380952380952384,0.27380952380952384,-0.052484783602070026,-0.049615575811106816,-0.040026168345363954
US_SEMICONDUCTOR,US_ENERGY,US,US,Semiconductor,Energy,SMH,XLE,False,False,1699,0.37198987386311794,0.2525736472070597,0.05,84,84,23,0.01353737492642731,0.2707474985285462,5.414949970570922,0.27380952380952384,0.27380952380952384,0.07134057728405623,-0.06476061425951031,-0.07628605717341735
US_SEMICONDUCTOR,US_UTILITIES,US,US,Semiconductor,Utilities,SMH,XLU,False,False,1699,0.3271822944415692,0.1673304264190377,0.05,84,84,23,0.01353737492642731,0.2707474985285462,5.414949970570922,0.27380952380952384,0.27380952380952384,-0.052709370626486715,-0.0646467465961076,-0.04075709794789228
US_REAL_ESTATE_CHAIN,US_ENERGY,US,US,Real Estate Chain,Energy,XHB,XLE,False,False,1699,0.45772364897370454,0.3389340029283398,0.05,84,84,23,0.01353737492642731,0.2707474985285462,5.414949970570922,0.27380952380952384,0.27380952380952384,0.1977270463618197,-0.061960457889366036,-0.07329819583253712
CN_NEW_ENERGY,CN_REAL_ESTATE_CHAIN,CN,CN,New Energy,Real Estate Chain,515030.SS,512200.SS,False,False,1497,0.116578372938157,0.3122865902843543,0.05,74,74,20,0.013360053440213761,0.2672010688042752,5.344021376085504,0.2702702702702703,0.2702702702702703,-0.1659101239627698,-0.051599626987255044,-0.03998146246152334
CN_HEALTHCARE,CN_UTILITIES,CN,CN,Healthcare,Utilities,512010.SS,159611.SZ,False,False,1056,0.32670225669703035,0.24873013812236727,0.05,52,52,14,0.013257575757575758,0.26515151515151514,5.303030303030302,0.2692307692307692,0.2692307692307692,-0.17807501553005403,-0.03924903725907065,-0.033180737428571326
US_NEW_ENERGY,US_UTILITIES,US,US,New Energy,Utilities,QCLN,XLU,False,False,1699,0.3733368035587772,0.24807425499279498,0.05,84,84,22,0.012948793407886992,0.2589758681577398,5.179517363154796,0.2619047619047619,0.2619047619047619,-0.009238503175801549,-0.0696450292636323,-0.04274824263809132
CN_SEMICONDUCTOR,CN_REAL_ESTATE_CHAIN,CN,CN,Semiconductor,Real Estate Chain,512760.SS,512200.SS,False,False,1653,0.06513788531664877,0.2863338911001175,0.05,82,82,21,0.012704174228675136,0.2540834845735027,5.081669691470053,0.25609756097560976,0.25609756097560976,-0.09764092304804071,-0.05607544907864295,-0.03599490851189115
CN_FINANCIALS,CN_ENERGY,CN,CN,Financials,Energy,510230.SS,159945.SZ,False,False,1653,0.4150035586264739,0.3577058618810097,0.05,82,82,21,0.012704174228675136,0.2540834845735027,5.081669691470053,0.25609756097560976,0.25609756097560976,-0.12276948882550828,-0.03253461164434985,-0.03936106407351416
CN_FINANCIALS,CN_INDUSTRIALS,CN,CN,Financials,Industrials,510230.SS,512660.SS,False,False,1653,0.3244352981255677,0.21767463394244982,0.05,82,82,21,0.012704174228675136,0.2540834845735027,5.081669691470053,0.25609756097560976,0.25609756097560976,-0.21398536930689346,-0.032516464699548005,-0.049965571358906564
US_INTERNET,US_ENERGY,US,US,Internet,Energy,FDN,XLE,False,False,1699,0.32989494529899244,0.193149490516656,0.05,84,84,21,0.012360211889346674,0.24720423778693346,4.944084755738668,0.25,0.25,0.009325807246007267,-0.05160180660307784,-0.07376710995453387
CN_REAL_ESTATE_CHAIN,CN_UTILITIES,CN,CN,Real Estate Chain,Utilities,512200.SS,159611.SZ,False,False,1056,0.10238392870304484,0.2907791205027276,0.05,52,52,13,0.01231060606060606,0.2462121212121212,4.924242424242423,0.25,0.25,-0.0945831175434533,-0.05059212791314974,-0.038021276929832384
CN_INTERNET,CN_SEMICONDUCTOR,CN,CN,Internet,Semiconductor,513050.SS,512760.SS,False,False,1653,0.28069396753989906,0.3435345065638137,0.05,82,82,20,0.012099213551119177,0.24198427102238354,4.83968542044767,0.24390243902439024,0.24390243902439024,-0.2658512615474999,-0.041623205895010264,-0.05275942708856961
CN_HEALTHCARE,CN_REAL_ESTATE_CHAIN,CN,CN,Healthcare,Real Estate Chain,512010.SS,512200.SS,False,False,1653,0.1654570117226098,0.3201830746594787,0.05,82,82,19,0.011494252873563218,0.22988505747126436,4.597701149425286,0.23170731707317074,0.23170731707317074,-0.06469151580507018,-0.04089656248344985,-0.04283814511323815
CN_NEW_ENERGY,CN_FINANCIALS,CN,CN,New Energy,Financials,515030.SS,510230.SS,False,False,1497,0.289415798184077,0.2204836595564495,0.05,74,74,17,0.011356045424181697,0.22712090848363392,4.542418169672678,0.22972972972972974,0.22972972972972974,-0.2539884885509023,-0.05423818566519857,-0.03183276351075544
CN_INTERNET,CN_INDUSTRIALS,CN,CN,Internet,Industrials,513050.SS,512660.SS,False,False,1653,0.3078924520426664,0.29786392422104985,0.05,82,82,18,0.010889292196007259,0.21778584392014516,4.355716878402903,0.21951219512195122,0.21951219512195122,-0.4161177456066406,-0.04221948536011351,-0.046014939671499604
CN_SEMICONDUCTOR,CN_FINANCIALS,CN,CN,Semiconductor,Financials,512760.SS,510230.SS,False,False,1653,0.2095826056380489,0.21495546362671078,0.05,82,82,18,0.010889292196007259,0.21778584392014516,4.355716878402903,0.21951219512195122,0.21951219512195122,-0.31161947418033425,-0.058337025491089683,-0.027602556845622524
CN_REAL_ESTATE_CHAIN,CN_ENERGY,CN,CN,Real Estate Chain,Energy,512200.SS,159945.SZ,False,False,1653,0.09942700771016465,0.28266946124564135,0.05,82,82,18,0.010889292196007259,0.21778584392014516,4.355716878402903,0.21951219512195122,0.21951219512195122,-0.17712657168976859,-0.04387984711753345,-0.04249425152318676
US_ENERGY,US_UTILITIES,US,US,Energy,Utilities,XLE,XLU,False,False,1699,0.3983584612945965,0.23636116218705952,0.05,84,84,18,0.01059446733372572,0.2118893466745144,4.237786933490288,0.21428571428571427,0.21428571428571427,0.1310698671679873,-0.08118813014736398,-0.04836009248663053
CN_ENERGY,CN_INDUSTRIALS,CN,CN,Energy,Industrials,159945.SZ,512660.SS,False,False,1653,0.21373808634048466,0.17723576260284826,0.05,82,82,16,0.009679370840895343,0.19358741681790684,3.871748336358136,0.1951219512195122,0.1951219512195122,-0.43173902628470767,-0.040928635255525,-0.046072175240349254
US_ENERGY,CN_FINANCIALS,US,CN,Energy,Financials,XLE,510230.SS,False,True,1539,0.12548493763965007,0.09181224449276297,0.05,76,76,14,0.009096816114359974,0.18193632228719947,3.6387264457439885,0.18421052631578946,0.18421052631578946,-0.3066781851294719,-0.06972847420166722,-0.02809966748926911
US_NEW_ENERGY,CN_INTERNET,US,CN,New Energy,Internet,QCLN,513050.SS,False,True,1541,0.16573083300657826,0.15682785867085292,0.05,77,77,14,0.009085009733939001,0.18170019467878,3.6340038935756,0.18181818181818182,0.18181818181818182,-0.44110151399851677,-0.06754267415443407,-0.03998655527496947
CN_HEALTHCARE,CN_ENERGY,CN,CN,Healthcare,Energy,512010.SS,159945.SZ,False,False,1653,0.12815971547683802,0.08551256302858981,0.05,82,82,15,0.009074410163339383,0.18148820326678766,3.6297640653357526,0.18292682926829268,0.18292682926829268,-0.4022978520349463,-0.04022299430685106,-0.042537536944202405
US_SEMICONDUCTOR,CN_INTERNET,US,CN,Semiconductor,Internet,SMH,513050.SS,False,True,1541,0.1465566382781454,0.14452957952534756,0.05,77,77,12,0.007787151200519144,0.15574302401038287,3.114860480207657,0.15584415584415584,0.15584415584415584,-0.4554936621370897,-0.064371963253193,-0.038778106650899306
CN_NEW_ENERGY,CN_ENERGY,CN,CN,New Energy,Energy,515030.SS,159945.SZ,False,False,1497,0.18572830966400683,0.1760295111854108,0.05,74,74,11,0.007348029392117568,0.14696058784235136,2.9392117568470266,0.14864864864864866,0.14864864864864866,-0.463320213690437,-0.04439692288526311,-0.03770162919839673
US_INTERNET,CN_NEW_ENERGY,US,CN,Internet,New Energy,FDN,515030.SS,False,True,1394,0.10145316356701026,0.09981401982421478,0.05,69,69,10,0.007173601147776184,0.14347202295552366,2.8694404591104727,0.14492753623188406,0.14492753623188406,-0.4845119131995708,-0.05283965608317848,-0.04521027033514559
US_NEW_ENERGY,CN_NEW_ENERGY,US,CN,New Energy,New Energy,QCLN,515030.SS,True,True,1394,0.1855690393827086,0.18107845814469212,0.05,69,69,10,0.007173601147776184,0.14347202295552366,2.8694404591104727,0.14492753623188406,0.14492753623188406,-0.40366531089566926,-0.071112496259572,-0.048113144738705274
US_INTERNET,CN_UTILITIES,US,CN,Internet,Utilities,FDN,159611.SZ,False,True,978,0.044266673812598696,0.058875595577959086,0.05,48,48,7,0.007157464212678937,0.14314928425357873,2.8629856850715742,0.14583333333333334,0.14583333333333334,-0.6602161975177241,-0.04208255781000963,-0.029900037860563774
US_NEW_ENERGY,CN_UTILITIES,US,CN,New Energy,Utilities,QCLN,159611.SZ,False,True,978,0.05256468070730275,0.08114786731522149,0.05,48,48,7,0.007157464212678937,0.14314928425357873,2.8629856850715742,0.14583333333333334,0.14583333333333334,-0.6034004990617408,-0.062212407594239676,-0.031202243330068217
US_ENERGY,CN_UTILITIES,US,CN,Energy,Utilities,XLE,159611.SZ,False,True,978,0.05606641869507543,0.036599331415738436,0.05,48,48,7,0.007157464212678937,0.14314928425357873,2.8629856850715742,0.14583333333333334,0.14583333333333334,-0.5545975528728251,-0.03577839482010681,-0.03451793299218616
US_HEALTHCARE,CN_SEMICONDUCTOR,US,CN,Healthcare,Semiconductor,XLV,512760.SS,False,True,1539,0.09027756008365403,0.027585462823777957,0.05,76,76,11,0.007147498375568551,0.142949967511371,2.85899935022742,0.14473684210526316,0.14473684210526316,-0.16557271436776363,-0.03467362021038582,-0.11530719108036996
US_ENERGY,CN_ENERGY,US,CN,Energy,Energy,XLE,159945.SZ,True,True,1539,0.12974753485193852,0.10541307307499065,0.05,76,76,11,0.007147498375568551,0.142949967511371,2.85899935022742,0.14473684210526316,0.14473684210526316,-0.42411382827549454,-0.06321731220017869,-0.038511087051053494
US_ENERGY,CN_MATERIALS,US,CN,Energy,Materials,XLE,512400.SS,False,True,1539,0.12080518335876472,0.09208410509742572,0.05,76,76,11,0.007147498375568551,0.142949967511371,2.85899935022742,0.14473684210526316,0.14473684210526316,-0.43309044524996476,-0.06382802935648542,-0.04796951140655031
CN_INTERNET,CN_ENERGY,CN,CN,Internet,Energy,513050.SS,159945.SZ,False,False,1653,0.20749903619656962,0.19079286471877221,0.05,82,82,11,0.006654567453115548,0.13309134906231096,2.6618269812462185,0.13414634146341464,0.13414634146341464,-0.40760432047508094,-0.04419386610601726,-0.04327963346141131
CN_SEMICONDUCTOR,CN_ENERGY,CN,CN,Semiconductor,Energy,512760.SS,159945.SZ,False,False,1653,0.060264282032608016,0.06084298038471041,0.05,82,82,11,0.006654567453115548,0.13309134906231096,2.6618269812462185,0.13414634146341464,0.13414634146341464,-0.34280387713284205,-0.05523427522193561,-0.03551000353717615
US_SEMICONDUCTOR,CN_SEMICONDUCTOR,US,CN,Semiconductor,Semiconductor,SMH,512760.SS,True,True,1539,0.14198438947941072,0.14854008850961428,0.05,76,76,10,0.00649772579597141,0.1299545159194282,2.5990903183885634,0.13157894736842105,0.13157894736842105,-0.22977631520442837,-0.06900699090519162,-0.05837074283210414
US_NEW_ENERGY,CN_MATERIALS,US,CN,New Energy,Materials,QCLN,512400.SS,False,True,1539,0.16405326039851167,0.15984803585981136,0.05,76,76,10,0.00649772579597141,0.1299545159194282,2.5990903183885634,0.13157894736842105,0.13157894736842105,-0.526855552785419,-0.06944993411899873,-0.04860698714958587
US_HEALTHCARE,CN_REAL_ESTATE_CHAIN,US,CN,Healthcare,Real Estate Chain,XLV,512200.SS,False,True,1539,-0.02564710597496453,0.015494517656699012,0.05,76,76,10,0.00649772579597141,0.1299545159194282,2.5990903183885634,0.13157894736842105,0.13157894736842105,-0.196114500384534,-0.037872650151784384,-0.03505469772965743
US_HEALTHCARE,CN_INDUSTRIALS,US,CN,Healthcare,Industrials,XLV,512660.SS,False,True,1539,0.08638100083599394,0.030445928287105586,0.05,76,76,10,0.00649772579597141,0.1299545159194282,2.5990903183885634,0.13157894736842105,0.13157894736842105,-0.42199779623707223,-0.03461101111787572,-0.044287701357521726
US_ENERGY,CN_REAL_ESTATE_CHAIN,US,CN,Energy,Real Estate Chain,XLE,512200.SS,False,True,1539,0.02588830012091761,0.0725530969549137,0.05,76,76,10,0.00649772579597141,0.1299545159194282,2.5990903183885634,0.13157894736842105,0.13157894736842105,-0.1774538863065874,-0.0815132575023043,-0.042048747266623346
US_INTERNET,CN_INTERNET,US,CN,Internet,Internet,FDN,513050.SS,True,True,1541,0.13047380242466375,0.12450897094702605,0.05,77,77,10,0.006489292667099286,0.12978585334198572,2.595717066839714,0.12987012987012986,0.12987012987012986,-0.48647736015806536,-0.05334362558256393,-0.03710222111989285
US_ENERGY,CN_INTERNET,US,CN,Energy,Internet,XLE,513050.SS,False,True,1541,0.09299817550083506,0.04816821794214867,0.05,77,77,10,0.006489292667099286,0.12978585334198572,2.595717066839714,0.12987012987012986,0.12987012987012986,-0.3990838254405735,-0.06690655045654079,-0.047595381025198474
US_SEMICONDUCTOR,CN_NEW_ENERGY,US,CN,Semiconductor,New Energy,SMH,515030.SS,False,True,1394,0.1418111840828887,0.13152065209983954,0.05,69,69,9,0.006456241032998565,0.1291248206599713,2.5824964131994257,0.13043478260869565,0.13043478260869565,-0.42243443757390625,-0.06784901872548527,-0.053837684797425456
US_ENERGY,CN_NEW_ENERGY,US,CN,Energy,New Energy,XLE,515030.SS,False,True,1394,0.10038647621918924,0.06288916327952161,0.05,69,69,9,0.006456241032998565,0.1291248206599713,2.5824964131994257,0.13043478260869565,0.13043478260869565,-0.3235557335691297,-0.07046106909493018,-0.05667312177056272
US_INTERNET,CN_SEMICONDUCTOR,US,CN,Internet,Semiconductor,FDN,512760.SS,False,True,1539,0.10708041195303306,0.09134727888762288,0.05,76,76,9,0.005847953216374269,0.11695906432748537,2.339181286549707,0.11842105263157894,0.11842105263157894,-0.23211397993296456,-0.055116080113447055,-0.1232928437894615
US_SEMICONDUCTOR,CN_HEALTHCARE,US,CN,Semiconductor,Healthcare,SMH,512010.SS,False,True,1539,0.07050108323469988,0.07979986187300885,0.05,76,76,9,0.005847953216374269,0.11695906432748537,2.339181286549707,0.11842105263157894,0.11842105263157894,-0.5160492548788362,-0.07299129373737348,-0.038783859180874444
US_FINANCIALS,CN_SEMICONDUCTOR,US,CN,Financials,Semiconductor,XLF,512760.SS,False,True,1539,0.11021222495541268,0.04257924343419509,0.05,76,76,9,0.005847953216374269,0.11695906432748537,2.339181286549707,0.11842105263157894,0.11842105263157894,-0.16483355433629496,-0.057589230537279254,-0.13132416137545197
US_FINANCIALS,CN_FINANCIALS,US,CN,Financials,Financials,XLF,510230.SS,True,True,1539,0.11823218228069224,0.10715900650420605,0.05,76,76,9,0.005847953216374269,0.11695906432748537,2.339181286549707,0.11842105263157894,0.11842105263157894,-0.3585969988622064,-0.061917859395485234,-0.027167038813334564
US_REAL_ESTATE_CHAIN,CN_FINANCIALS,US,CN,Real Estate Chain,Financials,XHB,510230.SS,False,True,1539,0.08608076569656434,0.060973411263569005,0.05,76,76,9,0.005847953216374269,0.11695906432748537,2.339181286549707,0.11842105263157894,0.11842105263157894,-0.39427271552844734,-0.07167997591325181,-0.025236754417026018
US_ENERGY,CN_HEALTHCARE,US,CN,Energy,Healthcare,XLE,512010.SS,False,True,1539,0.07098140374228029,0.04980439016428036,0.05,76,76,9,0.005847953216374269,0.11695906432748537,2.339181286549707,0.11842105263157894,0.11842105263157894,-0.42861821842584114,-0.07800488648529372,-0.033366155065596384
US_ENERGY,CN_INDUSTRIALS,US,CN,Energy,Industrials,XLE,512660.SS,False,True,1539,0.08275991265171691,0.03141085300419045,0.05,76,76,9,0.005847953216374269,0.11695906432748537,2.339181286549707,0.11842105263157894,0.11842105263157894,-0.3996610522296525,-0.07183999793860496,-0.048967977421958485
US_MATERIALS,CN_FINANCIALS,US,CN,Materials,Financials,XLB,510230.SS,False,True,1539,0.1272385556411299,0.1087321887318113,0.05,76,76,9,0.005847953216374269,0.11695906432748537,2.339181286549707,0.11842105263157894,0.11842105263157894,-0.3912158793409793,-0.053289879028781434,-0.025491659243870993
US_UTILITIES,CN_SEMICONDUCTOR,US,CN,Utilities,Semiconductor,XLU,512760.SS,False,True,1539,0.03298276102835396,-0.010739683437629538,0.05,76,76,9,0.005847953216374269,0.11695906432748537,2.339181286549707,0.11842105263157894,0.11842105263157894,-0.25881852270020395,-0.04586491555722997,-0.05897094688021168
US_UTILITIES,CN_REAL_ESTATE_CHAIN,US,CN,Utilities,Real Estate Chain,XLU,512200.SS,False,True,1539,-0.004316358969019513,0.022744953014730295,0.05,76,76,9,0.005847953216374269,0.11695906432748537,2.339181286549707,0.11842105263157894,0.11842105263157894,-0.16411325757956058,-0.046245047506173656,-0.03596238799035881
US_HEALTHCARE,CN_NEW_ENERGY,US,CN,Healthcare,New Energy,XLV,515030.SS,False,True,1394,0.05777799639282909,0.016761561407715387,0.05,69,69,8,0.005738880918220947,0.11477761836441894,2.2955523672883786,0.11594202898550725,0.11594202898550725,-0.3761139705349728,-0.03792743900009674,-0.05409730579581215
US_INTERNET,CN_HEALTHCARE,US,CN,Internet,Healthcare,FDN,512010.SS,False,True,1539,0.06538097183384382,0.06514015528168476,0.05,76,76,8,0.005198180636777128,0.10396361273554255,2.0792722547108506,0.10526315789473684,0.10526315789473684,-0.5307605893944323,-0.06290237582079737,-0.038729677294383674
US_INTERNET,CN_INDUSTRIALS,US,CN,Internet,Industrials,FDN,512660.SS,False,True,1539,0.10364841661620289,0.08354943294744631,0.05,76,76,8,0.005198180636777128,0.10396361273554255,2.0792722547108506,0.10526315789473684,0.10526315789473684,-0.5719172231866196,-0.054465672625075956,-0.04835196712812022
US_SEMICONDUCTOR,CN_MATERIALS,US,CN,Semiconductor,Materials,SMH,512400.SS,False,True,1539,0.1351557384188876,0.12830748655788332,0.05,76,76,8,0.005198180636777128,0.10396361273554255,2.0792722547108506,0.10526315789473684,0.10526315789473684,-0.5160186422086439,-0.06773239823134336,-0.050529180092550405
US_NEW_ENERGY,CN_INDUSTRIALS,US,CN,New Energy,Industrials,QCLN,512660.SS,False,True,1539,0.1478456034975053,0.13251010214177006,0.05,76,76,8,0.005198180636777128,0.10396361273554255,2.0792722547108506,0.10526315789473684,0.10526315789473684,-0.5404163291052804,-0.07421387004915399,-0.04449657973480074
US_REAL_ESTATE_CHAIN,CN_SEMICONDUCTOR,US,CN,Real Estate Chain,Semiconductor,XHB,512760.SS,False,True,1539,0.0760715616430094,0.050379586201808046,0.05,76,76,8,0.005198180636777128,0.10396361273554255,2.0792722547108506,0.10526315789473684,0.10526315789473684,-0.22937830526502526,-0.06841466988606466,-0.0580753181141008
US_ENERGY,CN_SEMICONDUCTOR,US,CN,Energy,Semiconductor,XLE,512760.SS,False,True,1539,0.08420890985839913,0.05180929083763657,0.05,76,76,8,0.005198180636777128,0.10396361273554255,2.0792722547108506,0.10526315789473684,0.10526315789473684,-0.24555901602134642,-0.07852894529352758,-0.07305727737244874
US_INDUSTRIALS,CN_FINANCIALS,US,CN,Industrials,Financials,XLI,510230.SS,False,True,1539,0.09986626074101206,0.06426152480776158,0.05,76,76,8,0.005198180636777128,0.10396361273554255,2.0792722547108506,0.10526315789473684,0.10526315789473684,-0.3983430162039991,-0.055742490613085824,-0.026890266100065147
US_SEMICONDUCTOR,CN_UTILITIES,US,CN,Semiconductor,Utilities,SMH,159611.SZ,False,True,978,0.013376429602786299,0.028493382650839484,0.05,48,48,5,0.005112474437627812,0.10224948875255624,2.0449897750511243,0.10416666666666667,0.10416666666666667,-0.6580497002097351,-0.05868330612514444,-0.031366566210953295
US_INDUSTRIALS,CN_NEW_ENERGY,US,CN,Industrials,New Energy,XLI,515030.SS,False,True,1394,0.10871654779920324,0.08840845410453602,0.05,69,69,7,0.005021520803443328,0.10043041606886656,2.0086083213773307,0.10144927536231885,0.10144927536231885,-0.31640919381417676,-0.050180805964065586,-0.056877937444229365
US_INTERNET,CN_MATERIALS,US,CN,Internet,Materials,FDN,512400.SS,False,True,1539,0.07811883671163349,0.09468307288259394,0.05,76,76,7,0.004548408057179987,0.09096816114359974,1.8193632228719943,0.09210526315789473,0.09210526315789473,-0.5925363947623202,-0.05764935333624854,-0.04301820026615597
US_SEMICONDUCTOR,CN_FINANCIALS,US,CN,Semiconductor,Financials,SMH,510230.SS,False,True,1539,0.08856094788260685,0.08260963806196267,0.05,76,76,7,0.004548408057179987,0.09096816114359974,1.8193632228719943,0.09210526315789473,0.09210526315789473,-0.5555649965670448,-0.07677332227640829,-0.02669542102511701
US_SEMICONDUCTOR,CN_INDUSTRIALS,US,CN,Semiconductor,Industrials,SMH,512660.SS,False,True,1539,0.11313414718294619,0.09596647576988247,0.05,76,76,7,0.004548408057179987,0.09096816114359974,1.8193632228719943,0.09210526315789473,0.09210526315789473,-0.5310872273625682,-0.07012329958346832,-0.053422012008415454
US_NEW_ENERGY,CN_SEMICONDUCTOR,US,CN,New Energy,Semiconductor,QCLN,512760.SS,False,True,1539,0.13499404842956786,0.1440883911700188,0.05,76,76,7,0.004548408057179987,0.09096816114359974,1.8193632228719943,0.09210526315789473,0.09210526315789473,-0.2504423828513478,-0.08301878790636462,-0.059927786182652966
US_NEW_ENERGY,CN_HEALTHCARE,US,CN,New Energy,Healthcare,QCLN,512010.SS,False,True,1539,0.10422284606665679,0.11695189413126661,0.05,76,76,7,0.004548408057179987,0.09096816114359974,1.8193632228719943,0.09210526315789473,0.09210526315789473,-0.5119625279391083,-0.0869613925924141,-0.03361879176486636
US_NEW_ENERGY,CN_FINANCIALS,US,CN,New Energy,Financials,QCLN,510230.SS,False,True,1539,0.11011330200012845,0.10251280635467007,0.05,76,76,7,0.004548408057179987,0.09096816114359974,1.8193632228719943,0.09210526315789473,0.09210526315789473,-0.5129538343937574,-0.08765867316659708,-0.025483165893882043
US_HEALTHCARE,CN_HEALTHCARE,US,CN,Healthcare,Healthcare,XLV,512010.SS,True,True,1539,0.05222179334983635,0.023875754756435105,0.05,76,76,7,0.004548408057179987,0.09096816114359974,1.8193632228719943,0.09210526315789473,0.09210526315789473,-0.5079317913413732,-0.04299007961448627,-0.030009242091131684
US_HEALTHCARE,CN_FINANCIALS,US,CN,Healthcare,Financials,XLV,510230.SS,False,True,1539,0.058759670185162274,0.026908965220980706,0.05,76,76,7,0.004548408057179987,0.09096816114359974,1.8193632228719943,0.09210526315789473,0.09210526315789473,-0.420912166823876,-0.04322378923626199,-0.02528774764137656
US_REAL_ESTATE_CHAIN,CN_REAL_ESTATE_CHAIN,US,CN,Real Estate Chain,Real Estate Chain,XHB,512200.SS,True,True,1539,-0.003771099884512056,0.03606091916284938,0.05,76,76,7,0.004548408057179987,0.09096816114359974,1.8193632228719943,0.09210526315789473,0.09210526315789473,-0.164102511095558,-0.07868985544071717,-0.03341149220795856
US_REAL_ESTATE_CHAIN,CN_ENERGY,US,CN,Real Estate Chain,Energy,XHB,159945.SZ,False,True,1539,0.02315356721070356,0.011375889203063148,0.05,76,76,7,0.004548408057179987,0.09096816114359974,1.8193632228719943,0.09210526315789473,0.09210526315789473,-0.5078423618769669,-0.05824200110064256,-0.03444685941643438
US_MATERIALS,CN_SEMICONDUCTOR,US,CN,Materials,Semiconductor,XLB,512760.SS,False,True,1539,0.10800243650093126,0.0985227173755632,0.05,76,76,7,0.004548408057179987,0.09096816114359974,1.8193632228719943,0.09210526315789473,0.09210526315789473,-0.23462361925501288,-0.056956174034234475,-0.06206543268055549
US_MATERIALS,CN_REAL_ESTATE_CHAIN,US,CN,Materials,Real Estate Chain,XLB,512200.SS,False,True,1539,0.018865293853752824,0.09278580968502823,0.05,76,76,7,0.004548408057179987,0.09096816114359974,1.8193632228719943,0.09210526315789473,0.09210526315789473,-0.1473754017270556,-0.06053759477564895,-0.03753345229051395
US_MATERIALS,CN_ENERGY,US,CN,Materials,Energy,XLB,159945.SZ,False,True,1539,0.06782577072672272,0.060475253737768436,0.05,76,76,7,0.004548408057179987,0.09096816114359974,1.8193632228719943,0.09210526315789473,0.09210526315789473,-0.49466155908739,-0.04694237110659876,-0.03343522183882109
US_MATERIALS,CN_MATERIALS,US,CN,Materials,Materials,XLB,512400.SS,True,True,1539,0.16341923571221065,0.15996256953312504,0.05,76,76,7,0.004548408057179987,0.09096816114359974,1.8193632228719943,0.09210526315789473,0.09210526315789473,-0.4953257056852545,-0.05245943652269199,-0.04691657364071349
US_INDUSTRIALS,CN_SEMICONDUCTOR,US,CN,Industrials,Semiconductor,XLI,512760.SS,False,True,1539,0.11707459632369152,0.09188157168953233,0.05,76,76,7,0.004548408057179987,0.09096816114359974,1.8193632228719943,0.09210526315789473,0.09210526315789473,-0.1945487410046437,-0.05592345090447641,-0.06455943939482837
US_INDUSTRIALS,CN_REAL_ESTATE_CHAIN,US,CN,Industrials,Real Estate Chain,XLI,512200.SS,False,True,1539,0.01115297637146996,0.048261057810335566,0.05,76,76,7,0.004548408057179987,0.09096816114359974,1.8193632228719943,0.09210526315789473,0.09210526315789473,-0.1891488947936596,-0.058510064457794546,-0.03441423665899584
US_INDUSTRIALS,CN_INDUSTRIALS,US,CN,Industrials,Industrials,XLI,512660.SS,True,True,1539,0.1259273995238564,0.09407233197749673,0.05,76,76,7,0.004548408057179987,0.09096816114359974,1.8193632228719943,0.09210526315789473,0.09210526315789473,-0.41547061781516187,-0.04937810619310186,-0.0500094855543027
US_UTILITIES,CN_FINANCIALS,US,CN,Utilities,Financials,XLU,510230.SS,False,True,1539,0.048371816566265116,0.003274954625842504,0.05,76,76,7,0.004548408057179987,0.09096816114359974,1.8193632228719943,0.09210526315789473,0.09210526315789473,-0.3910999457774829,-0.049536657857499715,-0.027964637444122052
US_UTILITIES,CN_INDUSTRIALS,US,CN,Utilities,Industrials,XLU,512660.SS,False,True,1539,0.06871315571085307,0.012697645019966647,0.05,76,76,7,0.004548408057179987,0.09096816114359974,1.8193632228719943,0.09210526315789473,0.09210526315789473,-0.4223421384117904,-0.04689196543373668,-0.04795382106726982
US_HEALTHCARE,CN_INTERNET,US,CN,Healthcare,Internet,XLV,513050.SS,False,True,1541,0.036747699046288926,0.013969105281423576,0.05,77,77,7,0.004542504866969501,0.09085009733939,1.8170019467878,0.09090909090909091,0.09090909090909091,-0.47012752400099084,-0.04160624398724343,-0.03616064777089534
US_MATERIALS,CN_INTERNET,US,CN,Materials,Internet,XLB,513050.SS,False,True,1541,0.1252687078623388,0.10398964753898873,0.05,77,77,7,0.004542504866969501,0.09085009733939,1.8170019467878,0.09090909090909091,0.09090909090909091,-0.4583737834643775,-0.05348401979788915,-0.036553853012012645
US_INDUSTRIALS,CN_INTERNET,US,CN,Industrials,Internet,XLI,513050.SS,False,True,1541,0.09278002175645418,0.07153439776756716,0.05,77,77,7,0.004542504866969501,0.09085009733939,1.8170019467878,0.09090909090909091,0.09090909090909091,-0.4430195360575476,-0.052073129013507115,-0.03601838761271407
US_MATERIALS,CN_NEW_ENERGY,US,CN,Materials,New Energy,XLB,515030.SS,False,True,1394,0.14353010492993415,0.13606805986574785,0.05,69,69,6,0.00430416068866571,0.0860832137733142,1.7216642754662836,0.08695652173913043,0.08695652173913043,-0.3666566404559807,-0.05821924155062871,-0.05530703992729901
US_HEALTHCARE,CN_UTILITIES,US,CN,Healthcare,Utilities,XLV,159611.SZ,False,True,978,-0.026974347566441913,-0.022730010638397226,0.05,48,48,4,0.00408997955010225,0.081799591002045,1.6359918200408996,0.08333333333333333,0.08333333333333333,-0.6965117074174819,-0.022310445486087883,-0.026973129972388873
US_INDUSTRIALS,CN_UTILITIES,US,CN,Industrials,Utilities,XLI,159611.SZ,False,True,978,-0.019700637602391883,-0.010210114698861695,0.05,48,48,4,0.00408997955010225,0.081799591002045,1.6359918200408996,0.08333333333333333,0.08333333333333333,-0.6748948637281069,-0.02702147251537414,-0.02840802734759345
US_INTERNET,CN_ENERGY,US,CN,Internet,Energy,FDN,159945.SZ,False,True,1539,0.01986657752039075,0.02187582739132731,0.05,76,76,6,0.003898635477582846,0.07797270955165692,1.559454191033138,0.07894736842105263,0.07894736842105263,-0.5930998813090191,-0.056560336480768976,-0.03771074226759062
US_SEMICONDUCTOR,CN_REAL_ESTATE_CHAIN,US,CN,Semiconductor,Real Estate Chain,SMH,512200.SS,False,True,1539,0.016768149402535053,0.05987842165399192,0.05,76,76,6,0.003898635477582846,0.07797270955165692,1.559454191033138,0.07894736842105263,0.07894736842105263,-0.2266920948940832,-0.0775446410457893,-0.03272955956690215
US_SEMICONDUCTOR,CN_ENERGY,US,CN,Semiconductor,Energy,SMH,159945.SZ,False,True,1539,0.022790358557404175,0.03167698604930502,0.05,76,76,6,0.003898635477582846,0.07797270955165692,1.559454191033138,0.07894736842105263,0.07894736842105263,-0.5479148505673119,-0.0665074562263739,-0.03419011732027612
US_NEW_ENERGY,CN_ENERGY,US,CN,New Energy,Energy,QCLN,159945.SZ,False,True,1539,0.02178442494755813,0.04049299660454483,0.05,76,76,6,0.003898635477582846,0.07797270955165692,1.559454191033138,0.07894736842105263,0.07894736842105263,-0.5629749333318264,-0.07505561138980535,-0.03328107595988668
US_FINANCIALS,CN_HEALTHCARE,US,CN,Financials,Healthcare,XLF,512010.SS,False,True,1539,0.048053627598218164,0.02024377169988997,0.05,76,76,6,0.003898635477582846,0.07797270955165692,1.559454191033138,0.07894736842105263,0.07894736842105263,-0.48060202381317985,-0.07682835385327702,-0.030734083866490302
US_FINANCIALS,CN_REAL_ESTATE_CHAIN,US,CN,Financials,Real Estate Chain,XLF,512200.SS,False,True,1539,-0.0012583175416620697,0.07083217134857063,0.05,76,76,6,0.003898635477582846,0.07797270955165692,1.559454191033138,0.07894736842105263,0.07894736842105263,-0.16325007984839027,-0.07787631302422744,-0.033325848082141014
US_FINANCIALS,CN_ENERGY,US,CN,Financials,Energy,XLF,159945.SZ,False,True,1539,0.03634951709786747,0.024106458593185498,0.05,76,76,6,0.003898635477582846,0.07797270955165692,1.559454191033138,0.07894736842105263,0.07894736842105263,-0.5046549944955726,-0.054779994039941465,-0.03564810148697709
US_FINANCIALS,CN_INDUSTRIALS,US,CN,Financials,Industrials,XLF,512660.SS,False,True,1539,0.09585427707649907,0.04254387667354193,0.05,76,76,6,0.003898635477582846,0.07797270955165692,1.559454191033138,0.07894736842105263,0.07894736842105263,-0.41153162722046455,-0.06719252408406085,-0.04965581125528685
US_REAL_ESTATE_CHAIN,CN_MATERIALS,US,CN,Real Estate Chain,Materials,XHB,512400.SS,False,True,1539,0.0835377539081014,0.07093417812733367,0.05,76,76,6,0.003898635477582846,0.07797270955165692,1.559454191033138,0.07894736842105263,0.07894736842105263,-0.5075005487720369,-0.07102750854602291,-0.044557063678493165
US_INDUSTRIALS,CN_ENERGY,US,CN,Industrials,Energy,XLI,159945.SZ,False,True,1539,0.05085913799084862,0.034387692077259245,0.05,76,76,6,0.003898635477582846,0.07797270955165692,1.559454191033138,0.07894736842105263,0.07894736842105263,-0.48510644936233127,-0.05291471611188669,-0.035571610815797454
US_INDUSTRIALS,CN_MATERIALS,US,CN,Industrials,Materials,XLI,512400.SS,False,True,1539,0.11735774826841422,0.10105238076461313,0.05,76,76,6,0.003898635477582846,0.07797270955165692,1.559454191033138,0.07894736842105263,0.07894736842105263,-0.4695057409714023,-0.05401741019029311,-0.053093965288724974
US_UTILITIES,CN_MATERIALS,US,CN,Utilities,Materials,XLU,512400.SS,False,True,1539,0.03816022467937065,-0.0021829967144763977,0.05,76,76,6,0.003898635477582846,0.07797270955165692,1.559454191033138,0.07894736842105263,0.07894736842105263,-0.4539516594681417,-0.050825588962464474,-0.05108169199619688
US_FINANCIALS,CN_INTERNET,US,CN,Financials,Internet,XLF,513050.SS,False,True,1541,0.08178703638777976,0.06167456436581649,0.05,77,77,6,0.003893575600259572,0.07787151200519143,1.5574302401038285,0.07792207792207792,0.07792207792207792,-0.444689960376305,-0.06833265235943621,-0.03558181459733136
US_REAL_ESTATE_CHAIN,CN_INTERNET,US,CN,Real Estate Chain,Internet,XHB,513050.SS,False,True,1541,0.08371520708860475,0.06840303484020666,0.05,77,77,6,0.003893575600259572,0.07787151200519143,1.5574302401038285,0.07792207792207792,0.07792207792207792,-0.4401470109643642,-0.08227337268105578,-0.035589318288981604
US_UTILITIES,CN_INTERNET,US,CN,Utilities,Internet,XLU,513050.SS,False,True,1541,0.022539341901809517,-0.0031524861427971065,0.05,77,77,6,0.003893575600259572,0.07787151200519143,1.5574302401038285,0.07792207792207792,0.07792207792207792,-0.483776917257583,-0.057610465451074004,-0.0399525669888107
US_FINANCIALS,CN_NEW_ENERGY,US,CN,Financials,New Energy,XLF,515030.SS,False,True,1394,0.07696809670872184,0.04371157585765976,0.05,69,69,5,0.003586800573888092,0.07173601147776183,1.4347202295552364,0.07246376811594203,0.07246376811594203,-0.3276875794889084,-0.07600830400139316,-0.06325422822024389
US_REAL_ESTATE_CHAIN,CN_NEW_ENERGY,US,CN,Real Estate Chain,New Energy,XHB,515030.SS,False,True,1394,0.09195544537625225,0.07883058378181297,0.05,69,69,5,0.003586800573888092,0.07173601147776183,1.4347202295552364,0.07246376811594203,0.07246376811594203,-0.4097718462273216,-0.08115107728617008,-0.05708174577872329
US_UTILITIES,CN_NEW_ENERGY,US,CN,Utilities,New Energy,XLU,515030.SS,False,True,1394,0.009297258365304057,-0.027296597824613997,0.05,69,69,5,0.003586800573888092,0.07173601147776183,1.4347202295552364,0.07246376811594203,0.07246376811594203,-0.40745477218084675,-0.05471853031692694,-0.056198719605428646
US_INTERNET,CN_FINANCIALS,US,CN,Internet,Financials,FDN,510230.SS,False,True,1539,0.090376149731477,0.0760539015112185,0.05,76,76,5,0.003248862897985705,0.0649772579597141,1.2995451591942817,0.06578947368421052,0.06578947368421052,-0.5411575739848371,-0.06758635497581089,-0.02691061324071608
US_INTERNET,CN_REAL_ESTATE_CHAIN,US,CN,Internet,Real Estate Chain,FDN,512200.SS,False,True,1539,-0.002902418757558458,0.05444868523523173,0.05,76,76,5,0.003248862897985705,0.0649772579597141,1.2995451591942817,0.06578947368421052,0.06578947368421052,-0.2592789839450934,-0.06809775592663486,-0.035959883206336266
US_HEALTHCARE,CN_MATERIALS,US,CN,Healthcare,Materials,XLV,512400.SS,False,True,1539,0.04186137092898481,0.027262793371687175,0.05,76,76,5,0.003248862897985705,0.0649772579597141,1.2995451591942817,0.06578947368421052,0.06578947368421052,-0.523223366932158,-0.050251761587700575,-0.050039839279604724
US_FINANCIALS,CN_MATERIALS,US,CN,Financials,Materials,XLF,512400.SS,False,True,1539,0.08306816990814868,0.062095857569454245,0.05,76,76,5,0.003248862897985705,0.0649772579597141,1.2995451591942817,0.06578947368421052,0.06578947368421052,-0.47257783693819844,-0.07405554288079763,-0.04861213472568047
US_REAL_ESTATE_CHAIN,CN_HEALTHCARE,US,CN,Real Estate Chain,Healthcare,XHB,512010.SS,False,True,1539,0.051884969803098424,0.03605749042241213,0.05,76,76,5,0.003248862897985705,0.0649772579597141,1.2995451591942817,0.06578947368421052,0.06578947368421052,-0.4579081061014998,-0.0998021116061472,-0.03163136555267231
US_MATERIALS,CN_HEALTHCARE,US,CN,Materials,Healthcare,XLB,512010.SS,False,True,1539,0.08668161537823685,0.08508187005160836,0.05,76,76,5,0.003248862897985705,0.0649772579597141,1.2995451591942817,0.06578947368421052,0.06578947368421052,-0.4869275298926672,-0.07470315345317427,-0.03057384006015524
US_MATERIALS,CN_INDUSTRIALS,US,CN,Materials,Industrials,XLB,512660.SS,False,True,1539,0.1329680714903744,0.10781434569720653,0.05,76,76,5,0.003248862897985705,0.0649772579597141,1.2995451591942817,0.06578947368421052,0.06578947368421052,-0.4483742613928989,-0.0629405424311276,-0.05313503889016171
US_INDUSTRIALS,CN_HEALTHCARE,US,CN,Industrials,Healthcare,XLI,512010.SS,False,True,1539,0.05448723385409605,0.03346710475931686,0.05,76,76,5,0.003248862897985705,0.0649772579597141,1.2995451591942817,0.06578947368421052,0.06578947368421052,-0.4722242480732997,-0.07492703638444716,-0.030757573044872904
US_UTILITIES,CN_HEALTHCARE,US,CN,Utilities,Healthcare,XLU,512010.SS,False,True,1539,0.010822907164096505,-0.038725376931489926,0.05,76,76,5,0.003248862897985705,0.0649772579597141,1.2995451591942817,0.06578947368421052,0.06578947368421052,-0.5024808233715544,-0.06732283917110155,-0.034810296257315784
US_UTILITIES,CN_ENERGY,US,CN,Utilities,Energy,XLU,159945.SZ,False,True,1539,0.004091332100987402,-0.020300343081514915,0.05,76,76,5,0.003248862897985705,0.0649772579597141,1.2995451591942817,0.06578947368421052,0.06578947368421052,-0.4922486852588014,-0.048046212393107524,-0.03275095108802585
US_FINANCIALS,CN_UTILITIES,US,CN,Financials,Utilities,XLF,159611.SZ,False,True,978,-0.016859264758802343,0.014861269969907777,0.05,48,48,3,0.003067484662576687,0.06134969325153374,1.2269938650306746,0.0625,0.0625,-0.7339681314303007,-0.025013490470316535,-0.02515501734895577
US_REAL_ESTATE_CHAIN,CN_UTILITIES,US,CN,Real Estate Chain,Utilities,XHB,159611.SZ,False,True,978,-0.013168667793974074,0.013982849038201923,0.05,48,48,3,0.003067484662576687,0.06134969325153374,1.2269938650306746,0.0625,0.0625,-0.6433627515847773,-0.03908382453163404,-0.028919429388640883
US_UTILITIES,CN_UTILITIES,US,CN,Utilities,Utilities,XLU,159611.SZ,True,True,978,-0.011686639239834214,-0.04136943401030161,0.05,48,48,3,0.003067484662576687,0.06134969325153374,1.2269938650306746,0.0625,0.0625,-0.6826523180770706,-0.02861542853260683,-0.024950184205815257
US_NEW_ENERGY,CN_REAL_ESTATE_CHAIN,US,CN,New Energy,Real Estate Chain,QCLN,512200.SS,False,True,1539,0.021619116592105005,0.08716702022504202,0.05,76,76,4,0.002599090318388564,0.05198180636777128,1.0396361273554253,0.05263157894736842,0.05263157894736842,-0.192054023176695,-0.11515246932658446,-0.03164017223574349
US_HEALTHCARE,CN_ENERGY,US,CN,Healthcare,Energy,XLV,159945.SZ,False,True,1539,0.004370373993237018,-0.0013099395578428626,0.05,76,76,4,0.002599090318388564,0.05198180636777128,1.0396361273554253,0.05263157894736842,0.05263157894736842,-0.5440736822854276,-0.04234491304731421,-0.03455954139958694
US_REAL_ESTATE_CHAIN,CN_INDUSTRIALS,US,CN,Real Estate Chain,Industrials,XHB,512660.SS,False,True,1539,0.10270282467729568,0.06298857668435594,0.05,76,76,4,0.002599090318388564,0.05198180636777128,1.0396361273554253,0.05263157894736842,0.05263157894736842,-0.4534027703222597,-0.08812476721702406,-0.0486414898552239
US_MATERIALS,CN_UTILITIES,US,CN,Materials,Utilities,XLB,159611.SZ,False,True,978,0.062080752855956725,0.08005433152863935,0.05,48,48,2,0.002044989775051125,0.0408997955010225,0.8179959100204498,0.041666666666666664,0.041666666666666664,-0.671414458781639,-0.031578933675038154,-0.024764477523403362
